"mean","se_mean","sd","2.5%","25%","50%","75%","97.5%","n_eff","Rhat","var","sp"
-1.87099895368806,0.0156804753639781,0.216926634839216,-2.29659781888801,-1.99614787523884,-1.88353189685844,-1.76059332310302,-1.34761558322069,191.384741252753,1.01065785896363,"intercept","Wildebeest"
0.0359452634095814,0.00133415510009347,0.0734829657887293,-0.106648687656136,-0.0132528511333869,0.0343476805218183,0.0847323747315823,0.181337312975534,3033.61673144436,1.00044048361624,"village_dist","Wildebeest"
0.0618603589561841,0.00103071173847323,0.0544571193214259,-0.0532593697999843,0.0278653528543643,0.0633587625983577,0.098072738001253,0.165788533578189,2791.48233728536,0.99984603316981,"tourism_dist","Wildebeest"
-0.0966347321158332,0.00127582412389998,0.0731217203569498,-0.23555618373863,-0.144399996788957,-0.0969824698499795,-0.0486219302727562,0.0496931447903362,3284.81701600424,1.00017850098526,"river_dist","Wildebeest"
-0.318161314183938,0.00136755035042001,0.0808698053184687,-0.476642531658311,-0.371898518793034,-0.318747922395715,-0.262750443572366,-0.160937592178017,3496.92360731463,1.00092453601648,"woodycover","Wildebeest"
0.0195193508262631,0.00178066667655148,0.0819236651333415,-0.138517957224675,-0.0381577646150398,0.0217398197359318,0.0757253606806128,0.178158703401243,2116.67160912066,1.00074867852267,"nitrogen_dist","Wildebeest"
-0.0755068618292256,0.000988930020125942,0.06419670016745,-0.204435301930527,-0.116485903915475,-0.0735093300281393,-0.0330964993369636,0.0456167371070137,4213.99764866686,0.999871112418033,"runoff","Wildebeest"
0.105890131049449,0.00153442405065233,0.0813454819174534,-0.0526037110201184,0.0520655826209006,0.105292584965154,0.160499960041923,0.268247033313391,2810.45139427824,1.00048017193084,"fire_freq","Wildebeest"
0.0787955499450117,0.00145931768242292,0.0854778712963889,-0.0917362323994793,0.0227526608028766,0.0796362481157854,0.136114638391232,0.246712965533501,3430.89720941011,1.00009090462803,"water_dist","Wildebeest"
-0.0236403913392737,0.00066298614825434,0.039965318846166,-0.10100799001127,-0.0496905459332558,-0.0234990258593393,0.00314389897942138,0.0526554253110207,3633.77183735187,1.0004649554415,"rain","Wildebeest"
-0.0469725923408236,0.00101340629265566,0.0560619760544908,-0.155608307991131,-0.0849218143554863,-0.0487951924335377,-0.0090709266161591,0.0668422306703206,3060.33951404276,1.00065117458442,"grass","Wildebeest"
-0.0360166172444037,0.001671457270694,0.0782961176867877,-0.196094941472651,-0.0869444701945271,-0.033630325109916,0.0200122272892451,0.107708158077318,2194.26915757791,1.00326184196803,"ndvi","Wildebeest"
0.272176792018963,0.00110776042289294,0.0609768609573835,0.154791807268864,0.231846068876567,0.272040600173379,0.314138191938086,0.391370039586875,3029.97075622686,1.00070458973354,"a_ndvi","Wildebeest"
0.346903161717661,0.00253805274341118,0.142823576834258,0.0832312210467396,0.247778891651694,0.34050287049398,0.44849371292183,0.629030887704087,3166.63876931935,0.999617742286841,"d_ndvi","Wildebeest"
-1.44295716386918,0.0157283519545237,0.210003903743996,-1.84987983863788,-1.56115484949045,-1.45522496131263,-1.33672178518288,-0.920975688718266,178.274118651105,1.0114911773297,"intercept","Zebra"
0.01078751111412,0.00095945371265712,0.0531168685494319,-0.0930871451863247,-0.0252564535133058,0.0112551412751606,0.0461118130496174,0.115756739228692,3064.90397230188,1.00003767106543,"village_dist","Zebra"
0.0488681162818846,0.00101008718419181,0.0475267649455058,-0.046932033372128,0.0184414003481909,0.0501846227148325,0.0817178932369928,0.136672550352337,2213.90400367225,1.00057225303517,"tourism_dist","Zebra"
0.119584123555262,0.000944204581613777,0.0547385131239419,0.0116538694434829,0.0821458110330071,0.120481428048272,0.157113577868101,0.22606055617618,3360.88603292055,0.999922336044742,"river_dist","Zebra"
-0.165229563692589,0.000882686241016357,0.0539287408169957,-0.273320874650886,-0.201227193656073,-0.164095315476465,-0.128200819343877,-0.0622281792146307,3732.74090601709,1.00006089517681,"woodycover","Zebra"
-0.0174212121127143,0.00117344647871724,0.0600936925696577,-0.134590240569572,-0.0580266664669754,-0.0163067989308514,0.0228796026663846,0.10146661591377,2622.59488353865,0.999709492136518,"nitrogen_dist","Zebra"
-0.0310147501240823,0.000758600740646084,0.0464990449145247,-0.122434452472192,-0.0626071326812436,-0.0311644710416931,0.00028054991757845,0.0603021750792545,3757.17600843536,1.00005712767507,"runoff","Zebra"
0.134595667741234,0.000990432042050728,0.0574953308042159,0.0249419392614405,0.0951068351625857,0.134571149953198,0.17494440692592,0.24102504445511,3369.890506213,0.999635945040319,"fire_freq","Zebra"
0.0569154324311419,0.00117394950160178,0.0659899362009867,-0.0728847968081421,0.0124806165600615,0.0559753600802039,0.101768421751279,0.185896644678104,3159.77810496427,0.999264820117574,"water_dist","Zebra"
-0.0358825529839949,0.000463500674441822,0.0300220394966973,-0.0951870722154979,-0.0567510309498333,-0.0350052411999223,-0.0160837679786666,0.0233581123952059,4195.46056286077,1.0000762478141,"rain","Zebra"
-0.0320629206004325,0.000753236041587469,0.0428093856341512,-0.116782713377709,-0.0601392894594782,-0.0321869454997347,-0.00394536468085165,0.0525895242813033,3230.09879439291,1.00067096870008,"grass","Zebra"
0.160206029105886,0.00122654331407291,0.0566617101411201,0.0496598787460589,0.121258782445261,0.159512144273614,0.19848586167446,0.272296334516819,2134.09415949755,1.00009283083578,"ndvi","Zebra"
0.109199913499608,0.000755283162953304,0.0434684208860642,0.0202440563593035,0.0807258249345073,0.109505514931169,0.138765036036197,0.195585556320573,3312.28822174263,1.00038247835692,"a_ndvi","Zebra"
0.417541284558236,0.00199402688949223,0.115905833926868,0.185958750859956,0.339173190745141,0.416486052091281,0.49343814316916,0.649250560229953,3378.69174746746,0.999628832370504,"d_ndvi","Zebra"
-0.859570562451832,0.0153685512736378,0.20525370765828,-1.26595934042271,-0.972604800965632,-0.872810258334244,-0.759061438209465,-0.352081632907066,178.367678937032,1.01126411355176,"intercept","Thomson's gazelle"
0.0561326869184013,0.000734458523877027,0.0444862821933151,-0.0315741718192301,0.0261342938434474,0.0555302466110775,0.0860366566445725,0.143918087549014,3668.74624333075,0.999946684459951,"village_dist","Thomson's gazelle"
0.0721623320923671,0.000776073022742028,0.0435278198710927,-0.0151101408870608,0.0425536331758187,0.0735842469828659,0.100998124160443,0.15582132094742,3145.78224701442,1.00007027088165,"tourism_dist","Thomson's gazelle"
-0.0351892874961631,0.000648949416448486,0.0413545000583486,-0.114390230271286,-0.0641517040835449,-0.0356933805093152,-0.00645332676932782,0.0442468240064025,4060.91460842357,0.999987948805683,"river_dist","Thomson's gazelle"
-0.603219074338081,0.00103959168139991,0.0636894427684705,-0.731269260026054,-0.645651292894689,-0.602546460895858,-0.560616310861855,-0.478733534207835,3753.26567402457,0.9997604925876,"woodycover","Thomson's gazelle"
0.155272766697806,0.00108004593124447,0.0543394434484881,0.0483720518628651,0.119439913053014,0.155185469835696,0.19171828666254,0.260840899999375,2531.31342042179,1.00221059222095,"nitrogen_dist","Thomson's gazelle"
0.0761945474167714,0.000624771188972742,0.0354988548780126,0.00776420328629211,0.0521280207699312,0.0766815902802698,0.0999523549173185,0.145020025010335,3228.39524907749,1.00003197239112,"runoff","Thomson's gazelle"
-0.121809683710447,0.000934640573350379,0.0532415493175454,-0.227343472909071,-0.156824252040326,-0.122593517194709,-0.0852350677597703,-0.0207213941813573,3244.98063579777,1.00121064553349,"fire_freq","Thomson's gazelle"
0.210358540407938,0.000919129128410184,0.054419798402662,0.10535730896245,0.173125321643201,0.210755620639296,0.246790732508488,0.315179428670056,3505.58738868031,1.00029191638453,"water_dist","Thomson's gazelle"
-0.0653853511832492,0.000507315059409131,0.0295594314547,-0.124616019597806,-0.084999610838642,-0.0651378080579693,-0.0452069156701347,-0.0100641905151602,3394.97549996655,1.00076492765165,"rain","Thomson's gazelle"
-0.107005468314077,0.000501904010633893,0.0318814890513198,-0.167415010659596,-0.128913198832073,-0.106989401019175,-0.085452438496117,-0.0454638877582783,4034.92867747648,0.999654336308188,"grass","Thomson's gazelle"
-0.0723760689730195,0.000824401288996665,0.0461132283138078,-0.162990819682619,-0.102256333328228,-0.0724253561500044,-0.0407655022321774,0.0158755561753317,3128.77066306125,1.00115042712003,"ndvi","Thomson's gazelle"
-0.340849426858789,0.00071725562752059,0.0417600556022225,-0.423325564705431,-0.369082471604601,-0.341478267697411,-0.312669682213582,-0.259371086052089,3389.80103345355,0.999890739676463,"a_ndvi","Thomson's gazelle"
0.267348527850992,0.00123681587680411,0.0773766816130442,0.11426554352123,0.216874382735822,0.267569539230296,0.32132058344237,0.41716180805287,3913.90335910396,1.00120160553102,"d_ndvi","Thomson's gazelle"
-2.01955268363796,0.0159518797316412,0.217377016914319,-2.43445665660327,-2.14732417139196,-2.03347555503798,-1.90897526755354,-1.51580370175273,185.696413481794,1.00872648628095,"intercept","Grant's gazelle"
0.338558557554342,0.00115642476828966,0.0711642125299345,0.203259678587094,0.290447970902853,0.338536001945595,0.386258287673068,0.478771901357209,3786.9408908644,0.999550594990979,"village_dist","Grant's gazelle"
-0.0499183136072779,0.00126801462453893,0.0726137590546743,-0.195413823928273,-0.098599878897621,-0.0487448835127982,-0.000744215721952217,0.0883527192194462,3279.36165832756,1.00105877901289,"tourism_dist","Grant's gazelle"
-0.0250805713852671,0.000884954127641103,0.0582986748994301,-0.138660176281147,-0.0647202712615951,-0.0247300275275721,0.0143062271171172,0.0917527900190774,4339.86128752418,0.999213641543982,"river_dist","Grant's gazelle"
-0.434500127915828,0.00159719394976823,0.0965181237367133,-0.629890975438375,-0.499270223403736,-0.432230545926373,-0.369243317455164,-0.252815940280279,3651.76169593521,0.999289227510907,"woodycover","Grant's gazelle"
0.227014628447727,0.001576198247255,0.0842236398337605,0.0627121462224915,0.170759007786121,0.22719287450342,0.282793397572383,0.391895379803585,2855.26440801809,1.00100742806631,"nitrogen_dist","Grant's gazelle"
0.119515470831319,0.000777733751710684,0.0510615624106188,0.0186720389523939,0.0851187188217479,0.119892624593759,0.153589888184802,0.216334116432946,4310.48666203653,0.99971777732712,"runoff","Grant's gazelle"
0.202149789582117,0.0013981502025385,0.081667602245208,0.0449087526034491,0.145299434907592,0.204408982854684,0.257583885129349,0.359431835824656,3411.86587360036,1.00110277482612,"fire_freq","Grant's gazelle"
0.716185484800065,0.00146000557272112,0.0838296758808043,0.556436187987275,0.660976258406379,0.716132600331145,0.77131784390676,0.880853162109107,3296.7540402782,1.00074068642892,"water_dist","Grant's gazelle"
-0.112691425402355,0.00080516322845103,0.0462481310601717,-0.206731459145735,-0.142906172615773,-0.112082524598191,-0.0816972231286702,-0.02423376457608,3299.29013918234,1.00136657936046,"rain","Grant's gazelle"
0.0621203235290352,0.000690805769567339,0.0464273780060468,-0.0287367509679456,0.0318017570089392,0.062192088091066,0.0925870900779819,0.152454948812585,4516.85763876008,0.999508918682398,"grass","Grant's gazelle"
-0.0221147519527064,0.00109008193876775,0.0633679267011886,-0.146285713954373,-0.0648824278831523,-0.0216471473279527,0.0205695463708725,0.102833106282815,3379.25299851614,0.999660150299246,"ndvi","Grant's gazelle"
-0.027577413243191,0.000926493213722025,0.0562837909678604,-0.138245832626719,-0.0651019972138781,-0.0279400561937789,0.0106291585467698,0.0836726236644156,3690.47440539697,0.999284914732982,"a_ndvi","Grant's gazelle"
0.190843042302833,0.00196306927026713,0.129806363916653,-0.0685594388578404,0.104709417582823,0.191862997405366,0.276936497938315,0.447640082731345,4372.40840253149,1.00008932614631,"d_ndvi","Grant's gazelle"
-2.52447162358347,0.0157164955726014,0.218931840489146,-2.94626652650739,-2.65077240642101,-2.54035450433761,-2.40616468736796,-2.02804809771227,194.046773994545,1.00949620756124,"intercept","Topi"
-0.236347919625699,0.00151701246515083,0.079373414024505,-0.393367524510004,-0.289682605553916,-0.235118603589494,-0.183435861807013,-0.0786676253301995,2737.61153814958,1.00073665780612,"village_dist","Topi"
0.0503958741951179,0.00107936289804516,0.0523255408937289,-0.0571254387867693,0.0165315177560779,0.0528833732839897,0.0853989875385235,0.148153955791532,2350.13322081455,1.0020589972469,"tourism_dist","Topi"
-0.0199285682103229,0.0014722014508896,0.0833203891000379,-0.18144923994113,-0.0756632976791802,-0.0191663435232368,0.0362175121960896,0.147302803117482,3203.08228842138,1.00091162089747,"river_dist","Topi"
-0.186478954550462,0.00120895656723725,0.0721733394189225,-0.328497094928268,-0.23574829840464,-0.184937842663686,-0.136811463713455,-0.047027853875632,3563.95492874342,0.999135725737304,"woodycover","Topi"
0.221336204133679,0.00159917051404293,0.0783849413506429,0.0672294991752412,0.169156110114446,0.222820020214321,0.274625674007916,0.37151544273098,2402.56822132248,1.00162912744171,"nitrogen_dist","Topi"
0.0835639445241578,0.00123758617313877,0.0703905054928342,-0.0528135147310539,0.0355475267307426,0.0833432487584322,0.130582712723262,0.221142669860654,3235.02224100452,1.00102111102912,"runoff","Topi"
0.212529312606677,0.00156271460499554,0.0829224155424881,0.0492326726970147,0.157614700044984,0.212454453350854,0.26698160512179,0.373724203801795,2815.68811209836,1.00053665527657,"fire_freq","Topi"
-0.184259743943968,0.00173205846399689,0.10372280030083,-0.386355598456708,-0.252850477995786,-0.185035440965893,-0.113359570454281,0.0174819468770111,3586.10806298862,0.999833183214916,"water_dist","Topi"
-0.0141076108446755,0.000645252143043727,0.0397506281147158,-0.0897029861375874,-0.0411866832761743,-0.0144711878736549,0.013154245049119,0.0632738916104688,3795.15117164827,1.00049982514202,"rain","Topi"
-0.0775671313064251,0.00103160240713433,0.0626521399412157,-0.198734599874162,-0.119341085355974,-0.0772201581945483,-0.0361145997925655,0.0458366240107546,3688.47738408881,1.00030977841393,"grass","Topi"
0.115345268419961,0.00146180726938085,0.0768372397300153,-0.030203860573883,0.0634892910780114,0.114700996243079,0.166982106629484,0.267055557681455,2762.88797112429,0.999513530797959,"ndvi","Topi"
0.115138352427641,0.00105275792723244,0.0600568106506355,0.000168109580436939,0.0745017528272304,0.114888333920194,0.154723990102574,0.235753839429004,3254.3742086099,0.99985176998244,"a_ndvi","Topi"
0.0981284935051622,0.00234518307136901,0.14118022926113,-0.190281330663958,0.00533811736390658,0.101939214257007,0.193736530291846,0.366911131942985,3624.05069730147,0.999923066244623,"d_ndvi","Topi"
-2.42325641097609,0.0161036064890263,0.219234699923837,-2.83332452185471,-2.5517581800175,-2.43706077775868,-2.30925041645929,-1.9263969206537,185.341336159353,1.01159001960196,"intercept","Kongoni"
0.304194220844111,0.00131187381885034,0.0759849251596271,0.155941581056036,0.25239913556785,0.3048467359509,0.357535756875765,0.448681269439137,3354.83179462185,0.999901192876859,"village_dist","Kongoni"
0.0804253032813913,0.000989649760196478,0.0548279034946285,-0.0263642618371497,0.0443859339532328,0.0796133321886947,0.116123281326463,0.191828549726651,3069.3063072361,1.00089033393758,"tourism_dist","Kongoni"
-0.326242768566873,0.00164044854040358,0.0815234698053336,-0.481577140739251,-0.383116039467449,-0.327016425962633,-0.271112037283408,-0.1621560537967,2469.67661104657,1.00055763338657,"river_dist","Kongoni"
-0.384675849558959,0.00170079987177698,0.089305824024381,-0.569445670064298,-0.442241031329069,-0.383024275029141,-0.324708624498681,-0.21046890855146,2757.10391696226,0.999389093906078,"woodycover","Kongoni"
0.283607388595964,0.00160293300542377,0.0819877951708994,0.129718081343381,0.22579551688979,0.284450540414792,0.338239861443927,0.446827349417903,2616.18030623089,0.99988289105956,"nitrogen_dist","Kongoni"
-0.312291639955558,0.00123037497679226,0.0719063031532382,-0.45268811634604,-0.361592112535301,-0.312037132254567,-0.262035950623621,-0.170445208186844,3415.53659554639,1.00130288855673,"runoff","Kongoni"
0.254080426486879,0.00162198018813253,0.0837272090041293,0.0927019873464878,0.196689814693793,0.253747553626115,0.310915660206596,0.417079023027949,2664.6620617258,0.999762621887511,"fire_freq","Kongoni"
0.13282498509889,0.00139153623725913,0.0864746150464173,-0.0370579300244218,0.0749228652229001,0.132760861414684,0.191628790140436,0.300922025048781,3861.7862688499,1.00021245776898,"water_dist","Kongoni"
-0.014609845462455,0.000691095134244893,0.0401227848459217,-0.0924253547190546,-0.0421859679617923,-0.0140054634886201,0.0122530856165278,0.0628162502681946,3370.59418624285,1.0004732376645,"rain","Kongoni"
-0.158198920733229,0.00111473834608017,0.0618074086517941,-0.286364861893064,-0.197448841170299,-0.156060681774315,-0.11697047771392,-0.0414512939137567,3074.22174265951,1.00024241301159,"grass","Kongoni"
0.205267859693698,0.00158030626073968,0.0768213451161751,0.0595620364984625,0.151809100134948,0.205069034503844,0.257647455897781,0.359105117217722,2363.09560881177,1.00042349423303,"ndvi","Kongoni"
0.144580547483154,0.000967667574871261,0.0563207098247413,0.0321815021034914,0.106200646147647,0.146131462420372,0.18220831948498,0.2531916811538,3387.53555317534,0.999804855594949,"a_ndvi","Kongoni"
0.0871869121648562,0.00223812184631902,0.143281137583458,-0.201730789978691,-0.00824728469728212,0.0896466052334473,0.185256226994444,0.362715606000421,4098.36457599888,0.999468208614757,"d_ndvi","Kongoni"
-3.30765643911154,0.0160533275482395,0.267626332936995,-3.81746290514899,-3.47430149340737,-3.31271023793316,-3.14707145984007,-2.73363303027802,277.924960527427,1.00565674352025,"intercept","Impala"
-0.480922912801089,0.00131585526848078,0.0750301664726911,-0.629782000615913,-0.531040741364492,-0.48033651012482,-0.43020081749936,-0.333959660383538,3251.28898548566,1.00129452707592,"village_dist","Impala"
0.0171353182172321,0.000883449211367307,0.0517785220911942,-0.0863960878865931,-0.0166960504659404,0.016589957406863,0.05183909027934,0.11812775165075,3435.07422499231,1.00019258079281,"tourism_dist","Impala"
-0.176328316728343,0.0014057677943595,0.0809908548479126,-0.335206470620372,-0.231696853904868,-0.176116284070473,-0.1213819739416,-0.0173669523308382,3319.28685994929,1.00078069276213,"river_dist","Impala"
-0.0153319677681099,0.000769602389316344,0.048470508859839,-0.110455837335818,-0.0471395234815696,-0.0154509938562986,0.0167917098266418,0.0784010584198355,3966.63594931703,0.999936704934654,"woodycover","Impala"
0.177241594530746,0.00154546175990911,0.0817379162920516,0.0123715505294365,0.123950492723778,0.177383994795259,0.232335463996755,0.339182821501843,2797.24558674489,1.00010852354261,"nitrogen_dist","Impala"
-0.0678079751640992,0.000995602754355083,0.0579917313561293,-0.186763611943298,-0.106532342573046,-0.0660858187994138,-0.0283764878226504,0.0420306266096906,3392.81337066131,1.0002943627418,"runoff","Impala"
-0.274051358558971,0.00126071245257254,0.0682518093393562,-0.407726806291156,-0.320809420927565,-0.273508274595658,-0.228098332937242,-0.139765938536673,2930.8679562196,1.00097223427651,"fire_freq","Impala"
-2.01862982967581,0.00316124468394448,0.204164777843809,-2.43573546357731,-2.14749741672923,-2.01383233403391,-1.88173143537512,-1.62152030388417,4171.05020131083,1.00079601936899,"water_dist","Impala"
0.0235010030310209,0.000588418431771263,0.0349063712099248,-0.0470903783571217,0.00036040237412596,0.0236447989576026,0.0468657328833271,0.0904905306390374,3519.142631831,1.00009798165234,"rain","Impala"
0.12740915408866,0.00120857459892588,0.0726093792684014,-0.0147206282769183,0.0793572848208316,0.128008269364871,0.17582835587662,0.267882387848524,3609.42916741518,0.999979199620505,"grass","Impala"
0.0112003314756639,0.00137534280936702,0.0766598116874066,-0.138941618380311,-0.0403485847613572,0.0111602271120806,0.0634979263401944,0.162603951234833,3106.80198377971,1.00052661313409,"ndvi","Impala"
-0.0268088150787919,0.000989957091984488,0.0583771463092289,-0.144250077493963,-0.0649526332721492,-0.026433387970233,0.012194021181907,0.0878630210071824,3477.38663010984,1.00001959741946,"a_ndvi","Impala"
0.0621497151379078,0.00230574160434477,0.140676170622663,-0.202412306609666,-0.0330545062414276,0.0584294397646997,0.154722125638908,0.349515666457228,3722.37226482437,0.999740078577292,"d_ndvi","Impala"
-8.0142370856412,0.0236948536461665,0.941563290446921,-10.1918649692081,-8.56082502396188,-7.91123349096766,-7.35083125329699,-6.44201702752629,1579.03215783662,1.00183586826551,"intercept","Waterbuck"
0.0840698992613935,0.00471124925164747,0.256413316273503,-0.41127461190588,-0.0843366079796806,0.0744262957855703,0.255244817048863,0.595564018120074,2962.16324074851,0.999664902647237,"village_dist","Waterbuck"
0.113520775839241,0.00250993422222351,0.109617898420953,-0.0804326165234918,0.0452179301784035,0.101700223159945,0.172172550863206,0.358768518210167,1907.38456101023,1.00274658657089,"tourism_dist","Waterbuck"
-0.190140609643427,0.00424153166223777,0.230094603851664,-0.634744128353701,-0.341532900267838,-0.18967678781959,-0.0458312533341787,0.271617271621889,2942.84535662636,0.999799499511224,"river_dist","Waterbuck"
0.155864089048285,0.00312271208301233,0.176899862411805,-0.18776649308768,0.0374189919856716,0.155055443144377,0.276430860805403,0.496975082927236,3209.15802291216,0.999352307232957,"woodycover","Waterbuck"
-0.316599812825212,0.00749233469066498,0.287269888104962,-0.951499124109572,-0.489046331714403,-0.287326054306454,-0.118087606866683,0.17235540082324,1470.09659396616,1.00189446839069,"nitrogen_dist","Waterbuck"
0.0529003707855603,0.00337742425955392,0.191094008018287,-0.329193105579778,-0.0775774917811317,0.0527914888703205,0.180217276565776,0.433605043390938,3201.27440119777,1.00017942819875,"runoff","Waterbuck"
-0.17706846905155,0.00559472050920007,0.288201181826471,-0.732706702703924,-0.374280377668781,-0.185850894139908,0.0125115899437226,0.401781280407343,2653.59550806273,1.00044389295962,"fire_freq","Waterbuck"
-2.80166133464504,0.0234831122998182,0.955977494253054,-5.03224278986617,-3.37430621191297,-2.68609440951632,-2.12758518043447,-1.24176108627008,1657.2347313683,1.00053358295525,"water_dist","Waterbuck"
0.127184240504822,0.00179460328090574,0.0880604418108484,-0.0317307189416112,0.066382040725676,0.123955623647706,0.183815949609444,0.308358114398614,2407.8243676921,0.999888259085678,"rain","Waterbuck"
0.110025899344195,0.00303135675313543,0.151670767195624,-0.171664999560074,0.0116673668937534,0.0999880956132281,0.20134118237538,0.43452386865792,2503.39664700994,1.00088780517012,"grass","Waterbuck"
0.129311119884696,0.00381503854806969,0.181741536499899,-0.204952481606183,0.00792968911347046,0.118278181688274,0.239307981904703,0.525240001345187,2269.39727857879,1.00033099473551,"ndvi","Waterbuck"
0.063953179539932,0.00312994469596321,0.169343309812175,-0.27420002411964,-0.0482966685931539,0.069402420187714,0.176329434657062,0.389817252717849,2927.26985062462,1.00053240688903,"a_ndvi","Waterbuck"
0.0230824316064258,0.00753256905533906,0.347677678987322,-0.736858381651452,-0.181729610908581,0.0413759417461132,0.240260161519012,0.693203735416868,2130.43052411429,1.00073128217841,"d_ndvi","Waterbuck"
-2.04967253493272,0.0159745768692582,0.214033572971185,-2.45690927159499,-2.17568048037588,-2.06467066315882,-1.94572341364028,-1.53013717795257,179.516790834853,1.01161266686726,"intercept","Warthog"
-0.112601898004797,0.00123526614426768,0.0700437290199749,-0.24741563075773,-0.159933104850047,-0.113495534993154,-0.0648935759557897,0.0241457689331066,3215.26994698068,1.00047839819232,"village_dist","Warthog"
0.11869284191409,0.00139580203326485,0.0582397450762361,0.00334909140112755,0.0795777472189666,0.118656536033003,0.157316890175474,0.232291603667254,1740.96995953989,1.00144138579393,"tourism_dist","Warthog"
0.108569943100086,0.00133542683602954,0.0744402848374545,-0.034472313387465,0.0589464491031403,0.107186282375699,0.156571656260234,0.256866751887415,3107.24754678895,1.0001725705012,"river_dist","Warthog"
0.00263283614758599,0.00103011401853072,0.0584488665499287,-0.112391395903173,-0.0359846745460638,0.00424877264660067,0.0412132147998114,0.117543365670199,3219.44931731848,1.00039590858113,"woodycover","Warthog"
-0.137547283519438,0.00153216183687273,0.0781591695726643,-0.284714374309413,-0.192288605777055,-0.138483634322966,-0.0837503527149178,0.0163263368164504,2602.25943257871,0.999797447240645,"nitrogen_dist","Warthog"
-0.177915245476686,0.000958529070250504,0.0616852320696968,-0.299893147940314,-0.21915852845924,-0.177872635952365,-0.136095823535819,-0.0593682397426209,4141.4443363577,0.999490699240898,"runoff","Warthog"
0.0786689334933032,0.00129930687868998,0.0737907309546119,-0.0611143041936312,0.0289243794500418,0.0763772650443161,0.128697694822122,0.220257828947393,3225.37451028757,1.00051053704231,"fire_freq","Warthog"
-0.322927183502009,0.00143086076703499,0.0861157626684546,-0.490223945324762,-0.38021736059536,-0.321905587248594,-0.264719064572773,-0.155988456058251,3622.18437355243,1.00013281813637,"water_dist","Warthog"
0.0315294743890162,0.000680452021202191,0.0398071744966744,-0.0478476214618135,0.00521339994065619,0.0322399697402879,0.0578462980585785,0.108285624453039,3422.37573668046,0.999431137684363,"rain","Warthog"
-0.0174452726730122,0.000952009364909723,0.0574753340507574,-0.13019576110291,-0.0563017130507472,-0.0163477088991318,0.0214768692296239,0.0926387433190433,3644.85761206253,0.999452809529495,"grass","Warthog"
-0.110185461692349,0.00135439636839328,0.0752948990780583,-0.265283614258418,-0.159987523628677,-0.109862389882648,-0.0578052791562846,0.0334776500901276,3090.57686874386,1.0007818242293,"ndvi","Warthog"
0.0466883448539402,0.00106631269940006,0.0599020970214566,-0.0726011546261914,0.00685563691376435,0.0473529564782432,0.0874311910495337,0.16157741204603,3155.83936670875,1.00106795372206,"a_ndvi","Warthog"
0.173039832444524,0.00256011791531563,0.139933305860421,-0.10449786423603,0.0784093059227975,0.171038544274194,0.268066709553494,0.443497261999703,2987.59862598808,0.999748601493038,"d_ndvi","Warthog"
-3.40710920594228,0.0155742248811382,0.267290542155765,-3.93080679884181,-3.57472139430774,-3.40958852063569,-3.24674549425663,-2.84963693875495,294.546794771175,1.00320360379236,"intercept","Buffalo"
-0.248111451469008,0.00174084280207241,0.0958266344590592,-0.434600340709957,-0.311065294782483,-0.24707311823151,-0.181633923923113,-0.0619965078909518,3030.07486381862,1.00123212375896,"village_dist","Buffalo"
0.0962338873697494,0.00124903786819561,0.0588493417537643,-0.0186922733556719,0.0573211571686912,0.0951594780176917,0.133570443296212,0.215181646416414,2219.89282792453,1.00035797537718,"tourism_dist","Buffalo"
0.0223519932749052,0.00191003286973178,0.10371971077918,-0.178076043125364,-0.0485381454258923,0.0218968408845629,0.0900477481637979,0.225060396988112,2948.77008479879,1.00070429783752,"river_dist","Buffalo"
-0.115640527931536,0.00127094400801187,0.0747713620580102,-0.266886203988115,-0.164456358643832,-0.114790269818688,-0.064814831481037,0.0289872116192824,3461.12869566959,0.999745071776656,"woodycover","Buffalo"
0.045696164978995,0.00222859864209507,0.099871380098708,-0.146493000093516,-0.0213741136032689,0.0442547127893072,0.109489395028172,0.251470195339108,2008.25279252254,1.0018489239446,"nitrogen_dist","Buffalo"
0.118133565024178,0.00127641828815179,0.0801029739604291,-0.0411965747525213,0.0637927574099415,0.120251382153534,0.173418924047401,0.277070691936494,3938.32220967398,1.00020594654854,"runoff","Buffalo"
-0.0615467495581742,0.00176862899681235,0.0961776519573459,-0.254243836224841,-0.124575217250474,-0.0617314407980286,0.00357169722310716,0.12204636052805,2957.16023973003,1.00066081281962,"fire_freq","Buffalo"
-1.41076512501216,0.00351610028915454,0.205762367299093,-1.83423067330803,-1.54700953354803,-1.40293906185857,-1.26416489479809,-1.03625349057778,3424.59633764154,0.99980165397282,"water_dist","Buffalo"
-0.0326701892733718,0.000766322384581006,0.0451598436537096,-0.127930864108906,-0.0612043526023062,-0.0306208577775134,-0.00323747195632661,0.0556633385933534,3472.8164987045,0.999796412054034,"rain","Buffalo"
0.126353609327711,0.00202736574540677,0.0918497994042946,-0.0452487052205422,0.060996348713805,0.123326149076243,0.18827003420699,0.3134362776772,2052.54277063344,1.00026717122407,"grass","Buffalo"
0.0037691631646682,0.00188527379063311,0.0965477168669564,-0.190921250547992,-0.0607699721056412,0.00845012198152643,0.0697684874629226,0.185738582625778,2622.6187176471,1.00005514154989,"ndvi","Buffalo"
0.0408097665711471,0.00134057748472357,0.0779068296229606,-0.115300890477955,-0.0102140170059494,0.0418198717894953,0.0937747546193718,0.189222846666881,3377.28118500493,1.00048077953332,"a_ndvi","Buffalo"
0.086870342313552,0.00266334820180728,0.165557632914061,-0.229730049213431,-0.0215467132930741,0.0904395632194731,0.195534770484911,0.411981265792263,3864.04805231397,0.999690201588109,"d_ndvi","Buffalo"
-3.28604392905592,0.0161213234549797,0.246017342092993,-3.74718542394944,-3.44141806285629,-3.29676931295924,-3.14286481174098,-2.7649556641226,232.878857096985,1.00611912658527,"intercept","Giraffe"
0.0161266619869068,0.00218990705649026,0.112083419993211,-0.197242001685777,-0.058686597835808,0.0166566991383663,0.0901149680274189,0.232772157002672,2619.57828769413,1.00049891795439,"village_dist","Giraffe"
-0.0474597759827502,0.00199192004433662,0.088917555614796,-0.219414988790275,-0.108534625397275,-0.0469525627055506,0.0125826870073257,0.125415426128951,1992.65093241959,1.00090038830748,"tourism_dist","Giraffe"
-0.346995451934104,0.002045562189756,0.113800251793493,-0.566366554851532,-0.424544790836502,-0.345440453504597,-0.268379677343551,-0.127415596395787,3095.00297489565,0.999872376641385,"river_dist","Giraffe"
0.180758865105848,0.00133673295148627,0.0808428806263744,0.0208711350489719,0.126222395858799,0.181854677698586,0.235058509241097,0.335642457123618,3657.58352412152,1.00210471402424,"woodycover","Giraffe"
-0.207119033040588,0.00315349864608134,0.134438803017931,-0.472006631654553,-0.297793856285907,-0.204443015306945,-0.11802634529723,0.0569131491565026,1817.45629642471,1.00026490719345,"nitrogen_dist","Giraffe"
-0.265721967962158,0.00171120953261131,0.0960571987089445,-0.454055240733039,-0.330851058100399,-0.26477104511122,-0.200779591014785,-0.0794758440968595,3151.03663724339,0.999730564889396,"runoff","Giraffe"
0.0677130012655226,0.00242121044346491,0.119760805803416,-0.169918368693708,-0.0146464347133646,0.0684104212511114,0.147836653350175,0.295399612065447,2446.60772098832,1.00019315077519,"fire_freq","Giraffe"
-0.352873212474226,0.00225454939502848,0.138317321888928,-0.625603927100495,-0.445279190593087,-0.351116925798928,-0.259422353078757,-0.0927423235994663,3763.86149460361,0.99944023980478,"water_dist","Giraffe"
0.0574176305511869,0.000927316520665196,0.0512787390645847,-0.0418745407041044,0.0231510801689618,0.0564989181805751,0.0938040830684916,0.156952093529598,3057.86762385826,1.00012981934139,"rain","Giraffe"
0.112394429316093,0.00163530785175388,0.097404073777118,-0.0756866036360636,0.0498023668955876,0.110616896244469,0.176818623379225,0.303494701822913,3547.76788413904,1.00034891024839,"grass","Giraffe"
0.185472051339472,0.00239007901538228,0.115787330163246,-0.0417622629310733,0.108559646392602,0.186183107121019,0.261747011835504,0.412327246407449,2346.91608982048,1.00095778141137,"ndvi","Giraffe"
-0.033837368100381,0.00175940655874266,0.0944084654698907,-0.22246195725877,-0.0951406798886837,-0.0357574539305065,0.0289120492247456,0.152851986739273,2879.31688451856,1.0000289863342,"a_ndvi","Giraffe"
-0.29165188363755,0.00415972960650304,0.233454754646086,-0.758545323178478,-0.445916763057108,-0.289331193975287,-0.132662992935741,0.151224797136773,3149.74390562694,1.00046272819434,"d_ndvi","Giraffe"
-4.20178585028421,0.0164208713992345,0.311705359907767,-4.80066891007852,-4.40579844286976,-4.20170869354657,-4.00762076820496,-3.56352916922443,360.326448055195,1.00417060196417,"intercept","Elephant"
0.314659235846971,0.00275203048753331,0.154743521874082,0.00159027988483544,0.212874404733295,0.316606234841569,0.420036536795561,0.61050449542465,3161.68407883196,1.00037561995673,"village_dist","Elephant"
0.029534045527388,0.00204515108138338,0.111718925421343,-0.186391192370792,-0.0461390664149815,0.0272323107538894,0.102784365327426,0.257468326097369,2984.02671693024,1.00108879549709,"tourism_dist","Elephant"
-0.162979538349009,0.00297430422384443,0.171128988655225,-0.488630859547289,-0.280520137921317,-0.166164656551113,-0.0481925789471168,0.17243933885642,3310.36888877821,0.999458451751506,"river_dist","Elephant"
0.234709993866228,0.00206785664566417,0.126719889906881,-0.020153601569191,0.151991520617739,0.235109318753561,0.320764114862375,0.476566758714561,3755.33528548448,0.999733647951241,"woodycover","Elephant"
0.292755472606823,0.00318838008992265,0.161329241681395,-0.0222698854662766,0.182327072999011,0.290599878212007,0.402377504876364,0.605489421926144,2560.27141787974,1.00145365712307,"nitrogen_dist","Elephant"
-0.166740977801119,0.00220770818023078,0.1344972176915,-0.424104801711018,-0.2571689229034,-0.167971942105268,-0.076076997326884,0.0963616711931719,3711.44703215712,1.00094735132026,"runoff","Elephant"
-0.139247896868364,0.00336400047657669,0.170558786990404,-0.483380434828773,-0.251367088288229,-0.136640467670187,-0.025553851975353,0.187776469810655,2570.6094516549,1.00033379148424,"fire_freq","Elephant"
-0.956984411041615,0.00415028372670285,0.264778828676712,-1.492956992642,-1.13398643759,-0.952116555618426,-0.775345324681026,-0.446474200553181,4070.15490499179,0.999803512198964,"water_dist","Elephant"
0.0636571764927668,0.00127973277357599,0.0754032339771303,-0.0877623521154183,0.0147042023760762,0.0651632548208485,0.112947844552766,0.211086341224947,3471.69337799404,1.00045812584229,"rain","Elephant"
0.0866601442037649,0.00233711314606357,0.130358456703918,-0.165653054455505,-0.002991062432154,0.0869026290115826,0.175887913446438,0.345108417290515,3111.13562546008,1.00025514241661,"grass","Elephant"
0.027062521967439,0.00314437744802169,0.154892309391466,-0.291865167196392,-0.074835533741226,0.03434514962357,0.1301072032566,0.324334576883264,2426.55625713155,1.00153492836818,"ndvi","Elephant"
0.29923927559763,0.00202627351246777,0.122592275727185,0.0554349461141202,0.222770432025268,0.296758451055464,0.381932098987779,0.540110689911034,3660.41291909281,1.00023580534717,"a_ndvi","Elephant"
-0.742347428459208,0.00598852122217063,0.320919023523578,-1.39638721301629,-0.954880230388502,-0.731137399959844,-0.514142102093971,-0.147573306382134,2871.78378006106,0.99986246634779,"d_ndvi","Elephant"
-4.10667263590924,0.0159603055717736,0.302796094515666,-4.68912492869766,-4.30059574031468,-4.11332222982669,-3.90957642983265,-3.50724114966499,359.930073130913,1.00365442125139,"intercept","Eland"
0.00759635281566032,0.00257753636897103,0.159607855285729,-0.300308716159621,-0.0999393569186285,0.00776922146000825,0.114079590840768,0.323821492130714,3834.41327840895,1.00007956570608,"village_dist","Eland"
-0.0415629471619194,0.00353484139233347,0.125878096771815,-0.322999040578027,-0.111864045756459,-0.0281983694128387,0.0413899893124491,0.182353597872811,1268.120350715,1.00400699792889,"tourism_dist","Eland"
-0.0134378175246887,0.00234481484929353,0.13343169495603,-0.26312452913234,-0.105175088952328,-0.019580406473794,0.0792058922985704,0.257404177810288,3238.17931413333,1.00002203052061,"river_dist","Eland"
-0.288422162526651,0.00344966796624414,0.184495666484971,-0.662862956026252,-0.409508663608498,-0.283053871713505,-0.161085367686441,0.0419096091158953,2860.34058145875,0.999671920297852,"woodycover","Eland"
0.665697468968236,0.00376819881312891,0.173475950571972,0.335866223997449,0.54832546052157,0.660079905047728,0.778827782504246,1.01935919448682,2119.39026392001,1.00006728098428,"nitrogen_dist","Eland"
-0.00353468233969415,0.00215319708446954,0.129923837690128,-0.255488972129416,-0.0898615438667183,-0.00255507295148082,0.0810442561521755,0.256443032810738,3640.9114308544,0.999408794782047,"runoff","Eland"
0.391406448051978,0.00313449789255175,0.169118075676552,0.0496809425125243,0.279701446603781,0.393374578222814,0.508976332091631,0.720228920453441,2911.0126474046,0.999979340214399,"fire_freq","Eland"
1.42372210548287,0.00442748086200847,0.205985104479258,1.03837629233656,1.2817808080763,1.41975768790222,1.56233439391403,1.83154710215847,2164.50327377969,1.00052989335491,"water_dist","Eland"
-0.0424493309873223,0.00148926692502311,0.0845131796837957,-0.216014249115529,-0.0985385764299994,-0.0412069859510628,0.0142151082285563,0.118210918553055,3220.3553354133,1.00230395673195,"rain","Eland"
-0.167233301868165,0.00276641862275165,0.122226468930441,-0.412300280259126,-0.248823536584087,-0.163987581477419,-0.0795964652490775,0.0555074837695011,1952.06705417287,1.00015344805205,"grass","Eland"
0.163785479821178,0.00250181921214237,0.138892853067553,-0.100133201608697,0.068200184582467,0.161652254193609,0.258106789501038,0.434432552449794,3082.10870160556,0.999993593209654,"ndvi","Eland"
0.165210181146199,0.00193354633403058,0.114002432411481,-0.0620624266790522,0.0900771956823588,0.165800318366155,0.242983068507544,0.38840193081093,3476.31456669749,1.00005798456638,"a_ndvi","Eland"
-0.324971807431724,0.00499677112475388,0.278004278906727,-0.888655671279248,-0.514670895975637,-0.315649587609916,-0.13974693452468,0.201162484842985,3095.45180381786,0.999817147129396,"d_ndvi","Eland"
-6.31549926977008,0.0177518864306362,0.473744186633584,-7.32026056880241,-6.61257123702563,-6.28498023955226,-5.99221362397173,-5.45118348596156,712.194746667955,1.00620018360098,"intercept","Reedbuck"
0.559656967218469,0.00695692750434272,0.316933810888589,-0.0189016047633708,0.342738284829908,0.542217017588749,0.760253111474911,1.22850615777106,2075.40180426496,0.999804703642166,"village_dist","Reedbuck"
0.0796686999324666,0.00259776618365036,0.116714625517527,-0.161232727287984,0.0168547161377866,0.0800374998364483,0.143915973510255,0.326821079989201,2018.60081230739,1.00064678818639,"tourism_dist","Reedbuck"
-0.0813100502110544,0.00437614215526559,0.234811118586848,-0.540932479396246,-0.235831624253695,-0.0828897039315678,0.0761679292308766,0.383194666891487,2879.08490390647,0.999705587278495,"river_dist","Reedbuck"
-0.198539908467241,0.00457854005092621,0.244239600872919,-0.692285268390893,-0.355894428064356,-0.192534824598859,-0.03729844530034,0.267943301523535,2845.62801684996,0.999868177735216,"woodycover","Reedbuck"
-0.00825293835891231,0.00573305918296277,0.257782345132433,-0.548520815018486,-0.161307125245507,-0.00314559273895468,0.157655671287204,0.473964577781134,2021.77811174947,1.00065721822868,"nitrogen_dist","Reedbuck"
0.171717844605619,0.00447542014421968,0.233598597632641,-0.285870807278635,0.0235165943657606,0.17069364483803,0.320040545175145,0.644502361029298,2724.41233432045,1.00005322915873,"runoff","Reedbuck"
-0.0770262526787367,0.00592085268232887,0.301441218537952,-0.674306607905638,-0.269483836877028,-0.0809209695286437,0.117088402382871,0.51321170538073,2592.01053563199,1.00107249785848,"fire_freq","Reedbuck"
-0.613717992225048,0.00745259907245289,0.447077964812484,-1.50098042455359,-0.916280496351878,-0.61097507587364,-0.303039389614106,0.226504551635732,3598.74450132891,1.00123533081071,"water_dist","Reedbuck"
-0.0241862880300607,0.00215586455262068,0.102141069363813,-0.244764360956525,-0.0864974212449929,-0.0196634367763491,0.0430452284824801,0.171673543484944,2244.69767746126,0.999850873173637,"rain","Reedbuck"
-0.00112655498881373,0.0027185056766269,0.139147818473931,-0.278873536266855,-0.084177762459901,-0.00443779783362227,0.0806803926072247,0.291010054603906,2619.9458514951,1.00082392893829,"grass","Reedbuck"
0.0184640508546572,0.00404658273859706,0.187199827571107,-0.327364844293067,-0.104943214347672,0.00868469516860448,0.128268531649678,0.422302500449026,2140.09986432833,1.0027429462763,"ndvi","Reedbuck"
-0.059463657236721,0.00344987265516912,0.182347174327759,-0.435402667139256,-0.172976936735379,-0.0514101671905507,0.0603672963082865,0.282333538915588,2793.77834701171,1.00089568162183,"a_ndvi","Reedbuck"
0.228492336351369,0.00767566484462199,0.340966482596931,-0.526796920103065,0.0342003265693024,0.242407269036961,0.434186095706888,0.87617197815809,1973.29207892248,1.00098757202856,"d_ndvi","Reedbuck"
-8.30043712653727,0.0243558348633521,1.09876573386902,-10.701650916419,-8.9646795731012,-8.20539334610559,-7.50799195651023,-6.49082245210872,2035.18630930551,0.999767526315073,"intercept","Klipspringer"
0.0450362499515019,0.00930510718724336,0.45112739418633,-0.822071584225524,-0.260634763140012,0.0382596938946992,0.342305701049016,0.961424291544048,2350.47501675408,1.00072683223987,"village_dist","Klipspringer"
0.00887884066145651,0.00488816308639023,0.171003729432433,-0.349603300409222,-0.0831773949769457,0.0122669601903122,0.103695463464751,0.3526421566878,1223.82632260122,1.00295493485303,"tourism_dist","Klipspringer"
-0.00314393637625992,0.00802315147793459,0.342281835520081,-0.660476005382181,-0.226110237255229,-0.0101154571575502,0.209104136477641,0.707324276417127,1820.02653970138,1.00140188893273,"river_dist","Klipspringer"
0.62380260740144,0.0062089271949343,0.29153206181898,0.0898306320873045,0.4221954134187,0.60994810992869,0.818475626213284,1.22430624282025,2204.6492931244,1.00007320505823,"woodycover","Klipspringer"
0.862387798991041,0.012576414463047,0.408881312890636,0.170212352154387,0.569142698816415,0.830803578532048,1.10725082276844,1.79076955289247,1057.01424983517,1.00494808189787,"nitrogen_dist","Klipspringer"
-0.264468397977865,0.00764242823349454,0.329905762986086,-0.939123118034125,-0.480081909065855,-0.260746730923496,-0.0421275101632734,0.361075742307086,1863.44708935288,1.00111150388286,"runoff","Klipspringer"
0.116042584047497,0.0086895729928846,0.384324170436788,-0.615200914082649,-0.144309524498048,0.110544639746745,0.361808687896836,0.900113161371725,1956.13365684433,1.00293401994369,"fire_freq","Klipspringer"
-1.83013552105096,0.0200425456201126,0.982726652485305,-4.0132755785555,-2.43612092715068,-1.76120727427179,-1.15836329861973,-0.122500470279188,2404.13974263126,0.999801191805662,"water_dist","Klipspringer"
0.125504321438388,0.003131699300774,0.13161507039113,-0.133787717955779,0.042654691903017,0.122954092811484,0.210574307856455,0.387629214373482,1766.24575096809,0.999500181503499,"rain","Klipspringer"
0.0424561683733004,0.00423209382148939,0.200599971944341,-0.376052387875138,-0.0795227329994976,0.0481050234729485,0.168299503379612,0.422355221471181,2246.73143540849,0.999987378052552,"grass","Klipspringer"
-0.141599820090275,0.00565077292350215,0.248695104324685,-0.66768300351768,-0.290299357307231,-0.134267380374698,0.0201159897794961,0.330797434664286,1936.95156563647,1.00066365707833,"ndvi","Klipspringer"
-0.00402460424537508,0.00513386247139583,0.24074214822508,-0.46695979980002,-0.164379775053243,-0.00923906662938149,0.155175534866292,0.470449093907599,2198.95226803793,0.999822630116895,"a_ndvi","Klipspringer"
-0.399825730610183,0.0125620704276065,0.518246640561356,-1.55736374400675,-0.712520031190976,-0.359085126539899,-0.0332738438723602,0.477695555126609,1701.96468058739,1.00074952881661,"d_ndvi","Klipspringer"
-4.26382358288473,0.0162026294924586,0.315578897453689,-4.89668425107584,-4.46846499358684,-4.26642536914253,-4.0618256979741,-3.61711230661459,379.354208971647,1.00597666581547,"intercept","Dikdik "
-0.540915342908474,0.00345297625265037,0.184848431008281,-0.917493419878307,-0.661593281846216,-0.537504837328009,-0.414526658906225,-0.190892295176669,2865.78994227602,1.00018961323621,"village_dist","Dikdik "
-0.186128628959294,0.00432338479626305,0.138693581606859,-0.494650467402662,-0.27058022675438,-0.172146307035931,-0.0877903181064523,0.0473082131443707,1029.11745645054,1.00394861319744,"tourism_dist","Dikdik "
-0.32690419593803,0.00318859913179456,0.162064685172394,-0.655042738631391,-0.433693845545789,-0.323018614546573,-0.218606358681403,-0.00783373556941346,2583.31242483745,1.00089104138391,"river_dist","Dikdik "
0.37079785187145,0.00184691536618593,0.104361936106582,0.163527090018331,0.302018029366477,0.371272268027976,0.440135096650392,0.579054297715233,3192.93638378837,0.999436421512801,"woodycover","Dikdik "
-0.143462159227708,0.00503649569820954,0.207659118492555,-0.573715495019675,-0.280075288874541,-0.136276465534047,-0.000371583840978781,0.23970938907304,1699.98495374559,1.00170867546932,"nitrogen_dist","Dikdik "
-0.380798886045434,0.002356472209298,0.131415419444118,-0.643138084032705,-0.469501386546931,-0.380645660837203,-0.29157031255594,-0.129208625277336,3110.05454892006,0.999904305023911,"runoff","Dikdik "
-0.626251772812268,0.00353846965507507,0.176508130461494,-0.970655162467454,-0.745259467102348,-0.626495230994453,-0.504462211803535,-0.28943556741807,2488.27558848072,1.0006414616212,"fire_freq","Dikdik "
-0.592407304575318,0.0046346207047402,0.210314559800308,-1.01162458349838,-0.726142853636033,-0.590830244302056,-0.452800744959458,-0.192682695824681,2059.25573320538,1.00082836589165,"water_dist","Dikdik "
0.230142330092201,0.00160503867881437,0.0737252359650018,0.0826462257497854,0.181244799798699,0.230800567791477,0.280197915865734,0.376433861857086,2109.89740091795,1.00012601843744,"rain","Dikdik "
0.179301742610521,0.0025194281507806,0.131560145567388,-0.0691936053645029,0.0899642022921869,0.175875779831361,0.264330186032164,0.440597103248797,2726.74631839149,1.00006037516036,"grass","Dikdik "
-0.108270531310303,0.00335678088022288,0.160804100747127,-0.428537488132139,-0.218015903712326,-0.107852903532699,-9.79378995277092e-05,0.202615784228886,2294.81803189979,1.00128994316736,"ndvi","Dikdik "
-0.141074668407301,0.00229938763954363,0.131007512716556,-0.395291016794162,-0.228288700854383,-0.140381908888309,-0.0508869037226015,0.114347258489149,3246.14576614637,1.00042957137134,"a_ndvi","Dikdik "
0.0938034215468848,0.006140638706172,0.32024827657982,-0.574901820828591,-0.109580779129653,0.106943950967919,0.309102042544916,0.698477916539296,2719.85975540052,0.999894439059623,"d_ndvi","Dikdik "
-5.26041182460752,0.0151644413354788,0.376740528491736,-6.0205230850393,-5.50548231374246,-5.25594131104029,-5.00804466902632,-4.53601698316312,617.208437824227,1.00205308122506,"intercept","Hippopotamous"
-0.286287749362879,0.0032229166626418,0.185655170248687,-0.656134747591055,-0.411041377113023,-0.283487166178839,-0.158994000602208,0.0725063127909267,3318.30227612664,1.00046776245056,"village_dist","Hippopotamous"
-0.0668183692669232,0.0056997144482335,0.173717367756058,-0.47734732158783,-0.165177583958626,-0.0373148632262505,0.0561419314284621,0.199501876944016,928.924213671312,1.00621967119328,"tourism_dist","Hippopotamous"
-0.545673493421856,0.00366538494679396,0.179573497956303,-0.902542101752887,-0.665907135877057,-0.539315732756097,-0.42244385551899,-0.203372627333406,2400.18822626057,0.99974007816236,"river_dist","Hippopotamous"
-0.340627859834651,0.00253434525890499,0.14670973882783,-0.63966474087656,-0.436756251502109,-0.334142050170941,-0.240379071096381,-0.0693727242434265,3351.09183149796,1.00095726248379,"woodycover","Hippopotamous"
-0.143719074501279,0.00643123157651211,0.26760267094597,-0.695964380374839,-0.315095826307496,-0.136922840537367,0.0350851122448833,0.366214836700423,1731.38077814916,1.003163381005,"nitrogen_dist","Hippopotamous"
0.649000341304095,0.00235844000342331,0.136721246820774,0.374284778200463,0.558046147152821,0.649614715101302,0.741443889837988,0.915720349526706,3360.64280821363,0.999086205471475,"runoff","Hippopotamous"
-1.10881540897269,0.00592244749725717,0.282128113617709,-1.68320607855181,-1.2953679383459,-1.1040237337875,-0.908748224259053,-0.587863673630607,2269.29152597752,0.999753309184638,"fire_freq","Hippopotamous"
-0.507471410821224,0.00595482133184974,0.293985843586414,-1.09764188056566,-0.702903636509641,-0.498275123126361,-0.312025676898534,0.0508167724041911,2437.33578807321,1.00133537547534,"water_dist","Hippopotamous"
0.0391695046281954,0.00161705462827099,0.0864156159753542,-0.134500175947732,-0.0188064041025005,0.0387559198892234,0.0989125403829016,0.205134617869921,2855.847918979,1.00027656883224,"rain","Hippopotamous"
0.122205606190083,0.00216831316393337,0.129960456207256,-0.125198407404145,0.0349094982963097,0.119939740360281,0.20624198942736,0.383612996249386,3592.34833309916,0.999971901508521,"grass","Hippopotamous"
-0.119173105803634,0.00334312402402347,0.165436041649914,-0.45439672134739,-0.231581926995922,-0.113719807611787,-0.00287791143817077,0.195801888232345,2448.81109138946,1.00018879916906,"ndvi","Hippopotamous"
0.151753864358818,0.00232149077220294,0.129631524412329,-0.102215068553874,0.0653818242418104,0.153120825199623,0.237572477716813,0.410117609152867,3118.08056960844,1.00123513252299,"a_ndvi","Hippopotamous"
-0.0640919414043835,0.00593320466072867,0.319475998170025,-0.700861012940879,-0.276806094729191,-0.0532237556218902,0.145547036449747,0.552956805917052,2899.33109302934,1.00042251994133,"d_ndvi","Hippopotamous"
-7.91169515046525,0.0193050479127162,0.869407225234782,-9.79176003601747,-8.4477469697119,-7.84247031772872,-7.3036843049647,-6.38965167300302,2028.17171871646,0.999899028968448,"intercept","Rhinoceros"
0.518494099883512,0.00961084633870919,0.495123761240562,-0.366459819302027,0.181127498459265,0.489829002925425,0.828731337925259,1.55085423074118,2654.02048328912,1.00073913249347,"village_dist","Rhinoceros"
-0.0656048988669,0.00461093783902531,0.184753520105117,-0.455830269236047,-0.166671497611177,-0.0613492083795432,0.0418783320784157,0.308524284442455,1605.48742612469,1.00260299117239,"tourism_dist","Rhinoceros"
-0.156469385083074,0.0074909706131248,0.349434518355422,-0.830448837850462,-0.384222571861821,-0.162405739110656,0.0646465829914929,0.567761723019785,2175.98261410927,1.001838120413,"river_dist","Rhinoceros"
0.304811980284117,0.00661134759106444,0.357407456266205,-0.427213412941445,0.082714995889383,0.311445346950559,0.544569985416637,0.980577864845385,2922.45098252468,0.999540791675817,"woodycover","Rhinoceros"
0.0983120251022801,0.0101294994038067,0.409341130014936,-0.637756697878396,-0.174981236129932,0.0683660411662445,0.343744511186311,1.00491380031289,1633.03240164239,1.00352091930454,"nitrogen_dist","Rhinoceros"
-0.133108258468424,0.00834780665102959,0.38975035919548,-0.991217248334708,-0.359759125410595,-0.101862254967231,0.127049890800121,0.560611033721632,2179.85840843999,1.00236448538883,"runoff","Rhinoceros"
0.313536214758495,0.0107368355205808,0.502997810139609,-0.587078520289523,-0.0318494849523116,0.287582944960053,0.628964987439813,1.38960600160936,2194.72236032464,1.00115752313568,"fire_freq","Rhinoceros"
0.31556588620701,0.0136011069110453,0.733262364769228,-1.1635484970883,-0.165385169703043,0.340189751935495,0.785445830411764,1.74408392668527,2906.49969285188,1.00030456009847,"water_dist","Rhinoceros"
0.00644893057733571,0.00394386728656754,0.158281090886109,-0.336789991700628,-0.0793627131663619,0.01630711036805,0.106443628620496,0.288999133315486,1610.69564741096,1.00455616916589,"rain","Rhinoceros"
0.203230802554087,0.00425555429691012,0.206960642033235,-0.215596257366035,0.0789686964640275,0.201770268177232,0.32486496564778,0.635974068482983,2365.17485817032,0.999485709096614,"grass","Rhinoceros"
-0.0471097531416883,0.00595798453012923,0.271704958129016,-0.623096296963063,-0.201941993763012,-0.0290152428794112,0.125239651042956,0.461996388795835,2079.67937466054,1.00002278334935,"ndvi","Rhinoceros"
0.153153945928336,0.00532951739018201,0.277456641546554,-0.430209586197026,-0.0188966782129204,0.167677947101846,0.332704924604064,0.656384768334347,2710.28201302667,1.00092605451407,"a_ndvi","Rhinoceros"
-0.307567691630151,0.0109386063799869,0.503440797200264,-1.36431600051508,-0.606583993935225,-0.272972545329244,0.0119887992940732,0.646468970074144,2118.22857983284,0.999736740683351,"d_ndvi","Rhinoceros"
-9.58679768413012,0.0309879193251579,1.35481035787301,-12.6628180327959,-10.4343965937371,-9.4973860203878,-8.59046934987187,-7.28584754075822,1911.49067311508,1.00005521438178,"intercept","Bushbuck"
0.698899331894891,0.0129230873397959,0.544392728440389,-0.271575148906058,0.332841932144465,0.657483578299276,1.0365732353496,1.83987715307033,1774.56565640721,0.999452275337991,"village_dist","Bushbuck"
-0.0555190213117171,0.00564130321761838,0.206246670802784,-0.473076630923467,-0.174418271911051,-0.0540986096913468,0.0570128405497939,0.373888923651357,1336.64170313741,1.00378749317583,"tourism_dist","Bushbuck"
-0.456804826669693,0.0100754837643202,0.402995696679016,-1.31586485136241,-0.707668652928762,-0.429867950842707,-0.181173459390436,0.27746384972978,1599.81219204795,1.00192858816693,"river_dist","Bushbuck"
0.463994868782398,0.00791026033449646,0.354461018500265,-0.211805597375621,0.228453361018523,0.454566042477609,0.690459690500979,1.17003617977822,2007.96162464265,0.999845709706097,"woodycover","Bushbuck"
-0.396170631194126,0.0144946836841531,0.505427862778296,-1.5161778585229,-0.667433446433359,-0.351272709418383,-0.0829912749700845,0.497788651837325,1215.90844496481,1.00009922643853,"nitrogen_dist","Bushbuck"
0.257281646884345,0.00807643664692816,0.380242222467849,-0.461435421640341,-0.00378859249554308,0.248401355883592,0.498586094582229,1.02729699287351,2216.56819782388,1.00032421268552,"runoff","Bushbuck"
-0.718695691536202,0.0134906916196967,0.576365584228539,-1.88652960775317,-1.07697876213248,-0.69288859368242,-0.33811942287371,0.388952316391216,1825.27224907247,1.00180092199909,"fire_freq","Bushbuck"
-1.85560686100445,0.0228663401680142,1.09507501004529,-4.23093895280604,-2.52902846840987,-1.75504001740353,-1.07157695141737,0.0347551462473282,2293.47714591484,1.00021594302023,"water_dist","Bushbuck"
0.120088922878736,0.00420510348438179,0.161219459415825,-0.218469564177962,0.0214299480311769,0.127877176822055,0.224626199481608,0.421409716269088,1469.87886498561,1.00173552879144,"rain","Bushbuck"
0.265387684589898,0.00492132130702047,0.238595070260567,-0.213518455326687,0.119425776647215,0.263693820081708,0.410372727294202,0.756260331896269,2350.49586466475,1.00043912245366,"grass","Bushbuck"
-0.247048991412465,0.00790110269008092,0.314120168897164,-0.904953924401488,-0.436966606524527,-0.237382256162567,-0.0509531894378939,0.371628700238049,1580.57908895621,1.00222152727253,"ndvi","Bushbuck"
-0.198250343527816,0.00743217673440724,0.306081843654006,-0.823797411369945,-0.390815902524571,-0.185641241551353,0.00159675255530833,0.383203969650064,1696.06729696218,1.00062092931123,"a_ndvi","Bushbuck"
-0.0943177063794885,0.0146764105773364,0.570498090148847,-1.34772052580028,-0.430986547703682,-0.0472460039303808,0.287096736863976,0.945337318735123,1511.01468177121,1.0021975912377,"d_ndvi","Bushbuck"
